Surface,Radius,Thickness,Glass,Index
0,0.1000000000000000E+19,10000000000000,,1
1,0.1000000000000000E+19,0,,1
